episode,deltaT,maxRadius,avgRadius,numUnknownSlots,propUnknown,numSamples,totalNumSamples
1,25.0,2.0,1.5746598544089307,16,1.0,51,51
11,8.080348534657746,0.6275048930797831,0.40366840839552304,16,1.0,120,1077
21,5.469804737609705,0.4207016642046662,0.28088270660223996,16,1.0,135,2369
31,4.330857120932708,0.33993461006471554,0.22841016341069195,16,1.0,144,3773
41,3.6599113303221222,0.2889352651380934,0.19543014286767513,16,1.0,151,5252
51,3.301073589146087,0.26056747930471075,0.1742514182710496,16,1.0,155,6786
61,3.0007448132823185,0.23867521913828296,0.15847272787834443,16,1.0,159,8362
71,2.7527853567155964,0.21895937102961915,0.14632873948050293,16,1.0,163,9974
81,2.5621111035569224,0.20329832544781798,0.1363145883419383,16,1.0,165,11615
91,2.410477269671624,0.1913909875776602,0.12817073281189018,16,1.0,168,13283
101,2.2951697223374663,0.18278359891525897,0.12155835014269391,16,1.0,170,14974
111,2.1752445264320874,0.17331873184738467,0.11554928626893002,16,1.0,172,16687
121,2.082407169980204,0.16550676409273948,0.11043017251558285,16,1.0,174,18418
131,1.9981559851372228,0.1592400603664151,0.10598914921295677,16,1.0,176,20166
141,1.9140799269497495,0.1524255944346301,0.10184864284320246,16,1.0,177,21931
151,1.8454779758779805,0.14716146223730264,0.09828946954473822,16,1.0,179,23710
161,1.7824110464841079,0.1422720157259622,0.095047929254001,16,1.0,180,25503
171,1.7256875487774164,0.13764506048179576,0.09199944536125217,16,1.0,181,27309
181,1.6710078996406716,0.13307224951188237,0.08925545343117272,16,1.0,182,29126
191,1.622945270674515,0.12943838052457354,0.08679884450273863,16,1.0,183,30955
201,1.577166147445536,0.125991360505965,0.08448429865159321,16,1.0,184,32794
211,1.5400688759681411,0.12290222369274867,0.08238783673509457,16,1.0,185,34644
221,1.503824329518947,0.12010251634719114,0.08040429598357553,16,1.0,186,36504
231,1.4719711543600336,0.11742190226063738,0.0785547595472195,16,1.0,187,38373
241,1.44266960242022,0.11522137547564265,0.07686824975836332,16,1.0,188,40251
251,1.416104833261429,0.11299106872938527,0.07528145081364598,16,1.0,189,42137
261,1.3849316582310014,0.110469326189842,0.07371321317518154,16,1.0,190,44031
271,1.3556831094566302,0.10820665776565834,0.07224132976657946,16,1.0,191,45932
281,1.330424432399691,0.1060101555196069,0.07086954224083096,16,1.0,191,47842
291,1.3042070381461315,0.1041568084639565,0.06962954679706454,16,1.0,192,49759
301,1.2810869273233612,0.10228880049227455,0.06842752634021299,16,1.0,193,51682
311,1.2564193078541805,0.10032714309063648,0.0672548606406893,16,1.0,193,53612
321,1.2325597907529453,0.09843762173342752,0.06611063055811994,16,1.0,194,55550
331,1.2145460244398787,0.09705187580056293,0.06508706003861833,16,1.0,195,57492
341,1.1986772455363446,0.095748684125445,0.06407698503967547,16,1.0,195,59442
351,1.1803231822207236,0.09427997255895444,0.06310090276222076,16,1.0,196,61397
361,1.1640488276853342,0.09299819044795679,0.06220241825415862,16,1.0,196,63357
371,1.148628500187838,0.09172297901874936,0.06132429423082305,16,1.0,197,65324
381,1.1315856141104628,0.0904182084545627,0.06047087849379343,16,1.0,197,67294
391,1.1158499567310154,0.08910915108071354,0.059634274306192135,16,1.0,198,69272
401,1.0999769799896923,0.08783465762302141,0.05884055805743646,16,1.0,198,71252
411,1.0822107165923653,0.08650462221869085,0.05807274501119741,16,1.0,199,73241
421,1.06978121220121,0.08545403587893698,0.05736540779819754,16,1.0,199,75231
431,1.055596580724055,0.08438606309125514,0.05666215067195894,16,1.0,200,77229
441,1.0437204781591518,0.08340842569263521,0.05599462821648903,16,1.0,200,79229
451,1.031656039993877,0.08247988693914875,0.05535479890741155,16,1.0,201,81235
461,1.0205975539338357,0.0816061972047702,0.05473075239863412,16,1.0,201,83245
471,1.0094004474850085,0.08066726660199469,0.054117051547298504,16,1.0,202,85258
481,0.9977719230620741,0.07973572053806274,0.05352524608233665,16,1.0,202,87278
491,0.9863987049690128,0.07878751435950436,0.05295315461768211,16,1.0,202,89298
501,0.9749723961446306,0.07788585382460765,0.05240276930148777,16,1.0,203,91327
511,0.9644359044670578,0.07707754993485726,0.05188545183470682,16,1.0,203,93357
521,0.9532678850904255,0.07617200470320103,0.0513507820215309,16,1.0,204,95391
531,0.9434436643312359,0.07542495965929458,0.050847399376406144,16,1.0,204,97431
541,0.9360383646076569,0.07483377141164993,0.05038002890304889,16,1.0,204,99471
551,0.9271832531483578,0.07411315997155235,0.049907757385631475,16,1.0,205,101518
561,0.9182956971906066,0.07341723443767008,0.04944659201824645,16,1.0,205,103568
571,0.9108813685336676,0.07279298503782032,0.04900623559086734,16,1.0,205,105618
581,0.9013341609112053,0.07203173107186289,0.048570295392008175,16,1.0,206,107677
591,0.8937281214274413,0.07143129417121112,0.04814467215880094,16,1.0,206,109737
601,0.8869146980803039,0.07087298036922851,0.04773158955550408,16,1.0,206,111797
611,0.8800077435371046,0.07033104915519214,0.047326348239486914,16,1.0,207,113866
621,0.8723828477419463,0.0697567542501251,0.046941665973937015,16,1.0,207,115936
631,0.8661675927817578,0.06924925661405684,0.04657256555405994,16,1.0,207,118006
641,0.8609349845636703,0.06882877548088684,0.046217331764504516,16,1.0,208,120084
651,0.8544738509321982,0.06830503828889468,0.04584042726522546,16,1.0,208,122164
661,0.8473880404797469,0.06776012510834593,0.04547785767150217,16,1.0,208,124244
671,0.8412700647078792,0.06722612856259375,0.04512551020340388,16,1.0,209,126329
681,0.8344582866180136,0.0666830873606408,0.044777846902805916,16,1.0,209,128419
691,0.8276970564087845,0.06618465533810598,0.04444157894213213,16,1.0,209,130509
701,0.8213678428716884,0.06567205718785302,0.044118545403790614,16,1.0,209,132599
711,0.8148744914514828,0.06515806147678867,0.04378985677819383,16,1.0,210,134699
721,0.8085396920521358,0.06462540760170661,0.04346570618452759,16,1.0,210,136799
731,0.80157090894812,0.06405434316002459,0.04314419624983252,16,1.0,210,138899
741,0.7960819552753977,0.06364633423565351,0.04285243217514629,16,1.0,211,141002
751,0.7911245726199794,0.0632443039130483,0.042556085769630825,16,1.0,211,143112
761,0.7849162739859096,0.0627346017497806,0.04225819098998907,16,1.0,211,145222
771,0.779775134346581,0.06235026464075672,0.041977213522878684,16,1.0,211,147332
781,0.7751277213343324,0.0619848996182591,0.041715278289314366,16,1.0,212,149447
791,0.7705422709095744,0.06161662036322654,0.04144523648444291,16,1.0,212,151567
801,0.7657593941738315,0.0612251439503676,0.04118038376923102,16,1.0,212,153687
811,0.7604024376336197,0.0607735668878505,0.04090766611505754,16,1.0,212,155807
821,0.7559932504207368,0.06043267247886626,0.040660285224457464,16,1.0,213,157931
831,0.7512655329790371,0.060046557044474265,0.04039546392429161,16,1.0,213,160061
841,0.7465860926442454,0.05967326295309573,0.0401440055557844,16,1.0,213,162191
851,0.7416361705737512,0.05930207571880271,0.0398988197065768,16,1.0,213,164321
861,0.737099636324006,0.05893804086861751,0.0396567697126607,16,1.0,214,166452
871,0.7326694893367682,0.05856789345293441,0.03941958071026279,16,1.0,214,168592
881,0.7277416034368718,0.05818578613240419,0.0391898497959322,16,1.0,214,170732
891,0.7228966995593175,0.05779576405771941,0.03895828159536245,16,1.0,214,172872
901,0.7186697463817007,0.05745212833863866,0.03873140680353238,16,1.0,214,175012
911,0.7148025700350554,0.057155515996155516,0.03851130908179269,16,1.0,215,177158
921,0.7110556898041613,0.05685920313781344,0.038297908024237465,16,1.0,215,179308
931,0.7068402614277266,0.05652680688100587,0.038080236690694554,16,1.0,215,181458
941,0.7029530714869334,0.05621331731433466,0.03786630495302116,16,1.0,215,183608
951,0.699096942766298,0.05590521919772881,0.03765942808954162,16,1.0,215,185758
961,0.6954450181900481,0.05558852530606888,0.03745881985022856,16,1.0,216,187916
971,0.6912223011051308,0.055263812091908796,0.03725336808171621,16,1.0,216,190076
981,0.6877808794712159,0.05499169907509259,0.03705821283153123,16,1.0,216,192236
991,0.6842279017799011,0.05470664139239081,0.0368647626162314,16,1.0,216,194396
1001,0.6802139087815147,0.054399014854654086,0.03667635057344067,16,1.0,216,196556
1011,0.6763046282684793,0.0540777166270292,0.03648712129586774,16,1.0,217,198724
1021,0.6728083708971853,0.053802189509982765,0.036298861392375606,16,1.0,217,200894
1031,0.6695989016051234,0.05354822570514922,0.036120296915440823,16,1.0,217,203064
1041,0.6659825969556263,0.05326529884848419,0.035939193927990394,16,1.0,217,205234
1051,0.6629034817224122,0.0530012913433581,0.03576424242953748,16,1.0,217,207404
1061,0.6596188611974166,0.052748381772258254,0.03558673948273455,16,1.0,218,209579
1071,0.6565438327731934,0.05248766626517864,0.03541345246529815,16,1.0,218,211759
1081,0.6532710641776415,0.052234362432158433,0.03524469483228157,16,1.0,218,213939
1091,0.6498246761214321,0.051973651698725844,0.03507813288458455,16,1.0,218,216119
1101,0.6469175411269312,0.051721389782894256,0.03491328795888664,16,1.0,218,218299
1111,0.6440099486636307,0.051490318603521906,0.03475270443299018,16,1.0,218,220479
1121,0.641357932272152,0.05128284347372707,0.0345991200876641,16,1.0,219,222668
1131,0.6384348353045418,0.05105571475072556,0.03444137963740739,16,1.0,219,224858
1141,0.6354486163306452,0.05082126999695075,0.034285085590690996,16,1.0,219,227048
1151,0.6327891066156993,0.05059325551340798,0.034131568385429495,16,1.0,219,229238
1161,0.6299480446519249,0.05037755497456308,0.03397894149533625,16,1.0,219,231428
1171,0.6275228924780796,0.050173733152484044,0.03383126997225412,16,1.0,220,233619
1181,0.6246435607689972,0.049940824055899,0.03368200788147937,16,1.0,220,235819
1191,0.6217808540918756,0.04971029779485144,0.0335334173791295,16,1.0,220,238019
1201,0.6190069917771568,0.049501325674413205,0.03338976027455272,16,1.0,220,240219
1211,0.6162359775763194,0.04927991308783189,0.033245459581509214,16,1.0,220,242419
1221,0.614100905837723,0.04910275183213798,0.03310972365783643,16,1.0,220,244619
1231,0.6114672853031562,0.048903499032352964,0.032974608536263904,16,1.0,220,246819
1241,0.6091087515942167,0.048710413957234765,0.03283650698819881,16,1.0,221,249028
1251,0.6068463107570485,0.048530533900470296,0.032704685963450136,16,1.0,221,251238
1261,0.6045764912900046,0.04835539892177016,0.03257541258005623,16,1.0,221,253448
1271,0.6020572360059144,0.04814430503060412,0.03244109074656165,16,1.0,221,255658
1281,0.6000609860616773,0.047987430468951736,0.032315897266942006,16,1.0,221,257868
1291,0.5976754079429922,0.04779852297983982,0.03218817580642524,16,1.0,221,260078
1301,0.5954151240285409,0.04762299046977368,0.03206303876889277,16,1.0,222,262291
1311,0.5930341391956989,0.047431798513605544,0.03193491202381759,16,1.0,222,264511
1321,0.5909425698372336,0.047263761949516106,0.03181474486209576,16,1.0,222,266731
1331,0.5887916760809133,0.04709100083244403,0.03169068163818524,16,1.0,222,268951
1341,0.586878738730831,0.046937277444026246,0.031572900675269695,16,1.0,222,271171
1351,0.584773691165314,0.04676097764822607,0.03145236959715115,16,1.0,222,273391
1361,0.5825826915406328,0.046591505225776736,0.03133264043419548,16,1.0,222,275611
1371,0.5804270471770908,0.04641687127241292,0.03121498555655821,16,1.0,223,277835
1381,0.5780242916016831,0.046221772721522496,0.03109870230602707,16,1.0,223,280065
1391,0.5757866015487517,0.046043001112795724,0.03098223216419315,16,1.0,223,282295
1401,0.5735095459698403,0.04586108247866366,0.030868239518655454,16,1.0,223,284525
1411,0.5716912027000303,0.04571955518181131,0.03076061454653624,16,1.0,223,286755
1421,0.5696496195319455,0.04555936754574801,0.030652413686364757,16,1.0,223,288985
1431,0.5674657684031834,0.045381882027797596,0.030543745364131288,16,1.0,223,291215
1441,0.5653894135875064,0.04522101540300639,0.03043338397379875,16,1.0,224,293447
1451,0.5633993566945625,0.045055480418152,0.03032406372198175,16,1.0,224,295687
1461,0.5614133709943449,0.044899613894754414,0.030217649115695976,16,1.0,224,297927
1471,0.5594141213252701,0.04473072630622134,0.030112533013636505,16,1.0,224,300167
1481,0.5575149828358754,0.04458318606018649,0.03000821681971708,16,1.0,224,302407
1491,0.5556530497597226,0.04443167885528812,0.029904969865967163,16,1.0,224,304647
1501,0.5537765206118077,0.044286518583369884,0.029800963282431862,16,1.0,224,306887
1511,0.5520624917735246,0.044144847517688705,0.029701594804467935,16,1.0,224,309127
1521,0.5502568241427117,0.04400192865723601,0.029601439786323253,16,1.0,225,311372
1531,0.5482556189453359,0.04384664270260319,0.02949970436505981,16,1.0,225,313622
1541,0.5462933007736411,0.0436956609213056,0.029400230786109642,16,1.0,225,315872
1551,0.5445217507620345,0.04354822560746959,0.029303023981761312,16,1.0,225,318122
1561,0.5429115458955305,0.043423995774724694,0.02920888571092959,16,1.0,225,320372
1571,0.5410477484007489,0.043266161011441366,0.02910935128173665,16,1.0,225,322622
1581,0.53936001135951,0.043131938116347114,0.02901511439338848,16,1.0,225,324872
1591,0.5376654513880713,0.04300643099437104,0.028922310366165428,16,1.0,225,327122
1601,0.5359032231504561,0.04286674673974146,0.02882967032692546,16,1.0,226,329376
1611,0.5342120171760815,0.04272665587560156,0.028735870133229972,16,1.0,226,331636
1621,0.5324773785868447,0.04258199216709804,0.028644647244977645,16,1.0,226,333896
1631,0.5305969236661445,0.042436478811036675,0.02855210135203749,16,1.0,226,336156
1641,0.5290309598322109,0.0423048422602617,0.02846382331744598,16,1.0,226,338416
1651,0.5274065459274747,0.042170404467778616,0.02837518251002996,16,1.0,226,340676
1661,0.5257688053847699,0.0420442081222455,0.028287239072661716,16,1.0,226,342936
1671,0.523861453351554,0.04189637367611591,0.028198507295563034,16,1.0,226,345196
1681,0.522399128898653,0.04177723766578273,0.028114005573992504,16,1.0,226,347456
1691,0.5207114661486718,0.041647964919218176,0.02802775040008681,16,1.0,227,349725
1701,0.5191446904211056,0.04152049079029325,0.027941815231437465,16,1.0,227,351995
1711,0.5177230908035827,0.04140411158660155,0.02785759649944381,16,1.0,227,354265
1721,0.5163067996190117,0.041299094929891755,0.02777657764996387,16,1.0,227,356535
1731,0.5149633771223185,0.04118356242022115,0.02769527329933926,16,1.0,227,358805
1741,0.5133228054635881,0.04105352033067474,0.02761115972934225,16,1.0,227,361075
1751,0.511605780869844,0.0409184034545691,0.027528919782419652,16,1.0,227,363345
1761,0.5100770487865911,0.040797771641155965,0.027448657905553436,16,1.0,227,365615
1771,0.5087315616343143,0.04068760189404386,0.027367614080239536,16,1.0,227,367885
1781,0.5071199598703029,0.04056341564295971,0.027288851237365453,16,1.0,228,370164
1791,0.5056454466840247,0.040437858456555856,0.027209271925868334,16,1.0,228,372444
1801,0.5040768009484619,0.04031654128624142,0.027130295812897328,16,1.0,228,374724
1811,0.5025608532708397,0.040192853428819945,0.02705134438199141,16,1.0,228,377004
1821,0.5013073735117606,0.04009167566809872,0.026977294047289404,16,1.0,228,379284
1831,0.4997988099755108,0.039969144833275294,0.026900141360400663,16,1.0,228,381564
1841,0.4982799881652781,0.03984972739333901,0.026823106104186843,16,1.0,228,383844
1851,0.4971018987481717,0.03976234506646607,0.026750813544693275,16,1.0,228,386124
1861,0.49571642879630406,0.03964868080968958,0.026675002918610406,16,1.0,228,388404
1871,0.4944976406925696,0.039551244034684234,0.02660414416489882,16,1.0,229,390688
1881,0.4932055235597541,0.03944888841072764,0.026531941205899752,16,1.0,229,392978
1891,0.49181271297520707,0.03933519139489681,0.026458744804627416,16,1.0,229,395268
1901,0.4903915517105713,0.039222050589564156,0.026387912102586095,16,1.0,229,397558
1911,0.48918441369548643,0.03912003269566626,0.026316696978337766,16,1.0,229,399848
1921,0.48794086072920945,0.03902020916597455,0.026248093460078628,16,1.0,229,402138
1931,0.48669016419198446,0.03892253628113759,0.026180593990233477,16,1.0,229,404428
1941,0.4851071831632692,0.03880005837817815,0.026106876429420847,16,1.0,229,406718
1951,0.48377896973593054,0.03869609548978001,0.026039018407294334,16,1.0,229,409008
1961,0.4826274525599824,0.038601374509797955,0.025971760014801008,16,1.0,229,411298
1971,0.4813257872052206,0.03849425539896808,0.025902767699933677,16,1.0,230,413592
1981,0.4800838670060345,0.03839846606868482,0.025835378901880094,16,1.0,230,415892
1991,0.4788357795942694,0.03829438478543879,0.025767525456408678,16,1.0,230,418192
2001,0.477448414606223,0.038187770678979396,0.02570071939746283,16,1.0,230,420492
2011,0.4762639146128497,0.03809307342492989,0.02563528842206239,16,1.0,230,422792
2021,0.47519360732864246,0.03800918551844932,0.025571879019423812,16,1.0,230,425092
2031,0.4741621001698379,0.037925455987867424,0.02550822941483155,16,1.0,230,427392
2041,0.47277518851456396,0.03781333147370113,0.0254423040450639,16,1.0,230,429692
2051,0.4717189057943709,0.037726426834580454,0.02537999674626615,16,1.0,230,431992
2061,0.47063428692394266,0.03764136678306167,0.025317101395297865,16,1.0,230,434292
2071,0.4695068316332409,0.037550027168312225,0.025254239236059704,16,1.0,230,436592
2081,0.46822215500530023,0.03744774381266834,0.025190432364112683,16,1.0,231,438901
2091,0.46697826319309443,0.03735109949211175,0.025127951393467022,16,1.0,231,441211
2101,0.4658334911418479,0.03726154620091009,0.025066243229462905,16,1.0,231,443521
2111,0.4648837415490061,0.03718442220733072,0.025009219455373967,16,1.0,231,445831
2121,0.4638425746629952,0.03710156222625553,0.02495058581516827,16,1.0,231,448141
2131,0.4628909248995886,0.03702159839222157,0.024891113700961556,16,1.0,231,450451
2141,0.46164750834533547,0.036919137564102096,0.024830052086771148,16,1.0,231,452761
2151,0.4604382840725601,0.03682250310868119,0.024769437991237535,16,1.0,231,455071
2161,0.45928141568238706,0.03673307177284077,0.024710468383908165,16,1.0,231,457381
2171,0.45818983638800537,0.03664469139226882,0.024651435904960804,16,1.0,231,459691
2181,0.45714821873505185,0.03656515718626612,0.024591771817280634,16,1.0,231,462001
2191,0.4560631490829673,0.03647581590175024,0.024533218467810564,16,1.0,232,464319
2201,0.45502279003578366,0.036390819751756655,0.024477024276745387,16,1.0,232,466639
2211,0.4540262623242262,0.03631044456831683,0.02442102312014652,16,1.0,232,468959
2221,0.4529370266453039,0.036228814578038365,0.024364838796322164,16,1.0,232,471279
2231,0.45186490301202253,0.036138067232723316,0.024307241052269817,16,1.0,232,473599
2241,0.4508808946859446,0.03606690609672674,0.02425299648413129,16,1.0,232,475919
2251,0.4500231499219929,0.035991576539322584,0.024199126853986667,16,1.0,232,478239
2261,0.44898120791516716,0.03590864703768386,0.024144618777169117,16,1.0,232,480559
2271,0.4478376349915135,0.035821077214392004,0.024089352269160254,16,1.0,232,482879
2281,0.44684607462809145,0.035741446864654774,0.024036056574619116,16,1.0,232,485199
2291,0.44592592786080404,0.035669252494578786,0.023982708234505788,16,1.0,232,487519
2301,0.44502879922842925,0.03559409126112307,0.02392979612841318,16,1.0,232,489839
2311,0.4440437763584721,0.03551330809443564,0.023876967212466734,16,1.0,233,492169
2321,0.44299803682221933,0.03543242138563209,0.02382412660060168,16,1.0,233,494499
2331,0.4419599650271694,0.03535143869620023,0.023770497354823845,16,1.0,233,496829
2341,0.44097935791277676,0.035272029752678596,0.023719410936082725,16,1.0,233,499159
2351,0.43993121251405104,0.03519053532250149,0.023666286281208298,16,1.0,233,501489
2361,0.4390835148147727,0.03512143103215758,0.023615832395811772,16,1.0,233,503819
2371,0.43822051828688363,0.035047208014879684,0.023565973755479034,16,1.0,233,506149
2381,0.4372169912616354,0.034968618349239956,0.0235146035872467,16,1.0,233,508479
2391,0.43630103338723564,0.03489861430558079,0.02346478361520826,16,1.0,233,510809
2401,0.4353830616921739,0.03482393464222165,0.023414787774923004,16,1.0,233,513139
2411,0.4344195146677363,0.03474784897313504,0.023364634859318733,16,1.0,233,515469
2421,0.4334862534701113,0.03467448699282389,0.02331611262958103,16,1.0,233,517799
2431,0.43268065195912564,0.03460473892213396,0.02326746229103942,16,1.0,234,520135
2441,0.4317823579647597,0.034534805478155614,0.023219992808610326,16,1.0,234,522475
2451,0.43088600530586835,0.03445974700844988,0.023170904527866788,16,1.0,234,524815
2461,0.43000313440004395,0.034395025535581755,0.023123357013058416,16,1.0,234,527155
2471,0.42916408881997753,0.03432365865117642,0.02307488036567852,16,1.0,234,529495
2481,0.4282011272527238,0.03424911360672154,0.02302675881027843,16,1.0,234,531835
2491,0.42728256237733514,0.034175675120316565,0.02297784259326494,16,1.0,234,534175
2501,0.4264000758629914,0.03410512086717853,0.02293094455885612,16,1.0,234,536515
2511,0.4256423300649734,0.034044241802286525,0.022885629843462086,16,1.0,234,538855
2521,0.4248036664587278,0.033977784195752085,0.022839478544106978,16,1.0,234,541195
2531,0.4240032460863779,0.03391320078242322,0.02279389121470767,16,1.0,234,543535
2541,0.4230942313257101,0.0338405268252827,0.02274769062822206,16,1.0,234,545875
2551,0.4222239482042811,0.03376746753426527,0.02270150458760251,16,1.0,234,548215
2561,0.4213159702726638,0.03369691660735872,0.022655246709270608,16,1.0,235,550561
2571,0.4204427252038472,0.03362997481464586,0.022610067517206445,16,1.0,235,552911
2581,0.4194861743474469,0.033551783245648094,0.022562472923951176,16,1.0,235,555261
2591,0.4186847994067351,0.03349195607038184,0.022518334035900218,16,1.0,235,557611
2601,0.41792334179514784,0.033429930993098954,0.02247469378184863,16,1.0,235,559961
2611,0.4171102853098318,0.03336435157239827,0.022430120796633146,16,1.0,235,562311
2621,0.41629868354787075,0.033297506875152254,0.022386240949641735,16,1.0,235,564661
2631,0.4156128645960589,0.033242950435114424,0.02234413003259546,16,1.0,235,567011
2641,0.41478285421171956,0.033177960106727654,0.022300711119208855,16,1.0,235,569361
2651,0.41407747947961454,0.03312155491127262,0.022257795846661616,16,1.0,235,571711
2661,0.41328755130906647,0.0330554026845993,0.022213958903616063,16,1.0,235,574061
2671,0.4124146077135187,0.032988583239090985,0.02217017813681219,16,1.0,235,576411
2681,0.4117183769313218,0.03293022679817352,0.022126970966163045,16,1.0,235,578761
2691,0.4109057342936455,0.03286605961716616,0.022085589787332122,16,1.0,235,581111
2701,0.4099623068434767,0.03279142520437686,0.022042443469265715,16,1.0,236,583469
2711,0.4091308289221829,0.032723627308089635,0.021999519523562824,16,1.0,236,585829
2721,0.4082425193760695,0.032653392414906286,0.02195508838597372,16,1.0,236,588189
2731,0.40748682092317295,0.032594789193030826,0.021914325667037958,16,1.0,236,590549
2741,0.4067613166708511,0.032533672991919706,0.021873443872632962,16,1.0,236,592909
2751,0.4059050047376533,0.03246598510493246,0.021831761428384684,16,1.0,236,595269
2761,0.40512126354680883,0.03240281450246382,0.02179055131185887,16,1.0,236,597629
2771,0.4043200466860502,0.03233977330297756,0.021749916124245126,16,1.0,236,599989
2781,0.4035899344122911,0.03228114518451084,0.021709405487684744,16,1.0,236,602349
2791,0.40283259305006774,0.032220342787537944,0.02166987076086575,16,1.0,236,604709
2801,0.40217316263151204,0.03216861733344293,0.021632157091328312,16,1.0,236,607069
2811,0.40147678468852555,0.032112191696876353,0.02159307024823813,16,1.0,236,609429
2821,0.4007101759554514,0.03205213059582018,0.021553669231441808,16,1.0,236,611789
2831,0.39996957389583165,0.03199266442559465,0.021515214277567356,16,1.0,236,614149
2841,0.3992515163670303,0.03193159329277877,0.021475563198200823,16,1.0,237,616512
2851,0.3984466078316942,0.03187040105053215,0.021435279285317566,16,1.0,237,618882
2861,0.39770393341179894,0.03181053671248044,0.021397207977603083,16,1.0,237,621252
2871,0.39697454947365063,0.03175556985726588,0.021357998387785224,16,1.0,237,623622
2881,0.396356510630526,0.0317018513588813,0.02132073910211778,16,1.0,237,625992
2891,0.39558447614238634,0.031642496118573074,0.021282030842187372,16,1.0,237,628362
2901,0.3949466570864644,0.03158890148756483,0.02124449102468107,16,1.0,237,630732
2911,0.39432376604172065,0.03154004113728488,0.021207322496354875,16,1.0,237,633102
2921,0.3935611072360897,0.031480228482304765,0.021169735303907537,16,1.0,237,635472
2931,0.3929595085321344,0.03143212282138355,0.02113423790695004,16,1.0,237,637842
2941,0.39233769391447143,0.03138193917963646,0.021097741096381267,16,1.0,237,640212
2951,0.39176775898749644,0.03133682669170269,0.021061490869304544,16,1.0,237,642582
2961,0.39112609459712344,0.03128551702421251,0.02102589284187332,16,1.0,237,644952
2971,0.3905388838915797,0.03123696988240592,0.02098946279590424,16,1.0,237,647322
2981,0.3899063107824586,0.03118775248249708,0.020954807264006847,16,1.0,237,649692
2991,0.38925441080153406,0.031135175151888243,0.02091891663398619,16,1.0,237,652062
3001,0.3885219331152526,0.031074817590520484,0.02088155595117742,16,1.0,238,654441
3011,0.3878633128405956,0.03102372239084817,0.020846377146761554,16,1.0,238,656821
3021,0.38714450734171835,0.030963372837258935,0.020809685963909346,16,1.0,238,659201
3031,0.38647112760903385,0.030912627358701907,0.020774638408084595,16,1.0,238,661581
3041,0.38578771044295196,0.03085623124831731,0.0207384659139134,16,1.0,238,663961
3051,0.3850209840624993,0.030794935204913224,0.020702372589065772,16,1.0,238,666341
3061,0.3843563592860851,0.03074591186503287,0.020668554096692097,16,1.0,238,668721
3071,0.38374913863167304,0.030696485810748162,0.02063438876982606,16,1.0,238,671101
3081,0.38313954969399716,0.03064559376021544,0.020599469304205385,16,1.0,238,673481
3091,0.38249300198855174,0.03059645621585189,0.020565558878501814,16,1.0,238,675861
3101,0.38181009989678494,0.03054014546503781,0.02053116921934934,16,1.0,238,678241
3111,0.3811837085397958,0.03048837178885465,0.020497030702320507,16,1.0,238,680621
3121,0.38059724333674855,0.03044358266365065,0.020464858202780795,16,1.0,238,683001
3131,0.38000575715526264,0.030395449049454643,0.02043264878231929,16,1.0,238,685381
3141,0.3793651821713278,0.030341945399448716,0.020398794018785395,16,1.0,238,687761
3151,0.3788132563199648,0.03029906443816877,0.020365995636893144,16,1.0,238,690141
3161,0.37820465466347,0.030251846099223285,0.020333703433400314,16,1.0,239,692529
3171,0.377578625267448,0.03020178712571328,0.0203006560775852,16,1.0,239,694919
3181,0.3769532782850631,0.03015096838365013,0.02026772440949957,16,1.0,239,697309
3191,0.3763058333076012,0.030099201154362768,0.020234046323060133,16,1.0,239,699699
3201,0.37562407815655335,0.030046099846839317,0.02020035016247662,16,1.0,239,702089
3211,0.37506891333648196,0.030001103066576187,0.020169105566130767,16,1.0,239,704479
3221,0.37452129517243865,0.029957513205600687,0.020137546227285953,16,1.0,239,706869
3231,0.37396126872612523,0.029911936402101828,0.020106365320014526,16,1.0,239,709259
3241,0.37339643718547,0.029865587654647918,0.02007475218044939,16,1.0,239,711649
3251,0.3727580324072454,0.02981690670764274,0.020043436876556322,16,1.0,239,714039
3261,0.37223311375414786,0.02977336397817708,0.020013061778467886,16,1.0,239,716429
3271,0.37165690214443586,0.02972943502413415,0.019982669668689657,16,1.0,239,718819
3281,0.3711950234562305,0.029689974711616336,0.019952303821995,16,1.0,239,721209
3291,0.3706383004793357,0.029645849366702746,0.01992105999621667,16,1.0,239,723599
3301,0.3700577427595952,0.029600198824155776,0.01989069292888492,16,1.0,239,725989
3311,0.369518286088743,0.029555723528231898,0.019860121742679485,16,1.0,239,728379
3321,0.3689312838862023,0.029509743377171594,0.019829133345374762,16,1.0,239,730769
3331,0.3683898275998113,0.029467017049648464,0.01979844604099715,16,1.0,240,733166
3341,0.3678508476183631,0.029422597575586688,0.019768033851170125,16,1.0,240,735566
3351,0.36723452657642236,0.02937350807508389,0.019736538089805657,16,1.0,240,737966
3361,0.36653509598594186,0.029317957801875714,0.01970456524756143,16,1.0,240,740366
3371,0.36598132498320995,0.029271266410311938,0.01967430018417423,16,1.0,240,742766
3381,0.3653631793249951,0.029224068138986693,0.019643684351524894,16,1.0,240,745166
3391,0.3647689595668658,0.02917343367607531,0.01961342222287153,16,1.0,240,747566
3401,0.3641663222213494,0.029129466955260537,0.019584274823777205,16,1.0,240,749966
3411,0.3636623224645327,0.02908934553035352,0.019555321071317106,16,1.0,240,752366
3421,0.363124249242144,0.029045410834784027,0.019526119158292,16,1.0,240,754766
3431,0.36259091135427124,0.02900474796345809,0.019497475195457185,16,1.0,240,757166
3441,0.3620667477328652,0.02895959555231397,0.019468496182962022,16,1.0,240,759566
3451,0.3614734647896757,0.028914483533264097,0.01943927224145767,16,1.0,240,761966
3461,0.3609743353584828,0.028873856585359767,0.01941123673873605,16,1.0,240,764366
3471,0.36046628483301435,0.028834115632151172,0.019383006432259257,16,1.0,240,766766
3481,0.35992520412849516,0.02878978693666438,0.01935502865578111,16,1.0,240,769166
3491,0.3593669183218221,0.02874409260859721,0.01932647695385674,16,1.0,240,771566
3501,0.358857162873818,0.028704208178203783,0.019297912784479683,16,1.0,240,773966
3511,0.3583127202679631,0.02865997855065123,0.019269348666862512,16,1.0,241,776373
3521,0.3577686886550006,0.02861492400743612,0.019240147124468844,16,1.0,241,778783
3531,0.35723153465738305,0.028574907814097817,0.019212899241591672,16,1.0,241,781193
3541,0.35673974396941943,0.028535751457253428,0.01918562514461518,16,1.0,241,783603
3551,0.3562351277471326,0.028494373659896596,0.01915759138223965,16,1.0,241,786013
3561,0.3556647850536401,0.02844859866045619,0.019129365077711173,16,1.0,241,788423
3571,0.35517758057953175,0.028409979932370197,0.01910219031983045,16,1.0,241,790833
3581,0.35469035113030184,0.02837034650051112,0.019075452153564564,16,1.0,241,793243
3591,0.35410256091063724,0.02832569263942779,0.01904800824338364,16,1.0,241,795653
3601,0.3536240887362875,0.02828642499539202,0.019021252072147297,16,1.0,241,798063
3611,0.35314763130419174,0.028247326977111565,0.01899436092866581,16,1.0,241,800473
3621,0.3526731743880295,0.028210381190731236,0.01896744709042858,16,1.0,241,802883
3631,0.3522357101803567,0.028173750669199183,0.018941507454919116,16,1.0,241,805293
3641,0.3516994557539608,0.02813153013243127,0.01891502667742417,16,1.0,241,807703
3651,0.35114942547418854,0.028087712403710687,0.01888786230898963,16,1.0,241,810113
3661,0.35066501624571333,0.02804930272630489,0.01886125873429714,16,1.0,241,812523
3671,0.35015842507556727,0.02800960140737434,0.01883521864555579,16,1.0,241,814933
3681,0.3497084702773066,0.02797474469310418,0.018809053912692927,16,1.0,241,817343
3691,0.3492101878805073,0.027934249341150817,0.018783535343657426,16,1.0,241,819753
3701,0.34876003138716116,0.027898247142005908,0.018757952022778246,16,1.0,242,822170
3711,0.3483474849025375,0.027864775574382605,0.01873263460898552,16,1.0,242,824590
3721,0.34795231646976543,0.027831904680376187,0.01870761255936036,16,1.0,242,827010
3731,0.34741641831328696,0.02779157763378772,0.01868135580516164,16,1.0,242,829430
3741,0.34699308909864035,0.02775677482232633,0.01865627686773212,16,1.0,242,831850
3751,0.34650286677578435,0.02771741233845758,0.018631064583825997,16,1.0,242,834270
3761,0.34603428353890314,0.027678223763837034,0.01860592602433273,16,1.0,242,836690
3771,0.3455657346820688,0.027642000048676087,0.018580824059213963,16,1.0,242,839110
3781,0.34513587489059677,0.027607469368559623,0.01855618967874765,16,1.0,242,841530
3791,0.34462108780753503,0.027566456050744367,0.018530561570443253,16,1.0,242,843950
3801,0.34419105225234325,0.027532831964071962,0.01850604896251887,16,1.0,242,846370
3811,0.34373787983000603,0.027494451925272227,0.0184798790363635,16,1.0,242,848790
3821,0.34328846700862087,0.027460341205387945,0.01845536766445286,16,1.0,242,851210
3831,0.3428541346184014,0.02742424305606023,0.01843078009403308,16,1.0,242,853630
3841,0.34237438867232806,0.027386031925921248,0.01840617140973599,16,1.0,242,856050
3851,0.34188547607309644,0.027348586887327376,0.018382209879151814,16,1.0,242,858470
3861,0.34151834985378426,0.027319373893079816,0.018358164769776236,16,1.0,242,860890
3871,0.34109655600364264,0.027283106094294733,0.018334196767786536,16,1.0,242,863310
3881,0.34060960503770227,0.02724550518449888,0.018309408756000917,16,1.0,242,865730
3891,0.3401672908419492,0.027208804074642268,0.018284948476478685,16,1.0,242,868150
3901,0.3397046950134757,0.027171374693427154,0.018261065294394196,16,1.0,243,870576
3911,0.33924222783839236,0.027136155761503616,0.01823701626714174,16,1.0,243,873006
3921,0.33879266390778445,0.027100787361838335,0.018213311473510366,16,1.0,243,875436
3931,0.3383304276347436,0.0270630935053623,0.01818878357558224,16,1.0,243,877866
3941,0.3378538831865205,0.02702541838476278,0.01816528080086886,16,1.0,243,880296
3951,0.33744785326372806,0.02699237066647078,0.018142733111427084,16,1.0,243,882726
3961,0.3370038733201147,0.02695557554086539,0.01811912906273985,16,1.0,243,885156
3971,0.33657600598144644,0.026922079220133233,0.01809591682974647,16,1.0,243,887586
3981,0.33611246556347796,0.026886009020481917,0.018072150592533365,16,1.0,243,890016
3991,0.3357182479344885,0.026854624297855626,0.01804868354033817,16,1.0,243,892446
4001,0.33526014802594983,0.026816576989689363,0.0180250807079627,16,1.0,243,894876
4011,0.33482157157231135,0.02677954066507755,0.018001644464639414,16,1.0,243,897306
4021,0.33439528678093583,0.026748682152198104,0.017979053726688208,16,1.0,243,899736
4031,0.33401604240406857,0.026716818446080787,0.017955865040548195,16,1.0,243,902166
4041,0.333540831647325,0.02668021025412807,0.017932750294600563,16,1.0,243,904596
4051,0.3330936671660124,0.02664486483544523,0.017910409568104496,16,1.0,243,907026
4061,0.3327483137592602,0.026615452876516975,0.017888562683717853,16,1.0,243,909456
4071,0.33229243879862835,0.026579688048775887,0.01786562990175299,16,1.0,243,911886
4081,0.3318538941312196,0.026543116131989047,0.01784306863734708,16,1.0,243,914316
4091,0.3314069379853708,0.02650915101723689,0.017820811776463837,16,1.0,243,916746
4101,0.33104834865728483,0.026481289446361158,0.01779967673703602,16,1.0,243,919176
4111,0.33070280559957727,0.02645270773632221,0.01777845622638364,16,1.0,244,921610
4121,0.3302370945434722,0.026414389277568073,0.017755681200129804,16,1.0,244,924050
4131,0.3298186953988565,0.026382276417052382,0.01773409136210436,16,1.0,244,926490
4141,0.32940361826755254,0.026348415001381614,0.01771256080662744,16,1.0,244,928930
4151,0.32899016871091313,0.02631575336143559,0.017691068286351655,16,1.0,244,931370
4161,0.3286197784422378,0.026285869122636456,0.017669354494850045,16,1.0,244,933810
4171,0.32824407913609344,0.026254901698971805,0.01764808053084896,16,1.0,244,936250
4181,0.32776934642021205,0.02621786449311724,0.017625816770603178,16,1.0,244,938690
4191,0.3273852013514439,0.02618871890912412,0.017604740480606555,16,1.0,244,941130
4201,0.32698776629713316,0.02615601816133657,0.017583541181302884,16,1.0,244,943570
4211,0.3265869558877949,0.026123834763974375,0.017562336232284613,16,1.0,244,946010
4221,0.326189296271405,0.026092681641836625,0.0175406323980979,16,1.0,244,948450
4231,0.3257592594331842,0.026056869607212065,0.017519061299921958,16,1.0,244,950890
4241,0.32535991397503417,0.026026222023373936,0.017498020429726726,16,1.0,244,953330
4251,0.3250005261695881,0.025996839423954192,0.0174767781026141,16,1.0,244,955770
4261,0.32466153093785227,0.025970496255408277,0.01745648009295083,16,1.0,244,958210
4271,0.32429977188112247,0.02594181843567908,0.017436026655094392,16,1.0,244,960650
4281,0.3239043969392411,0.02590740856200875,0.01741562144019684,16,1.0,244,963090
4291,0.32346159209856734,0.02587415042870136,0.017394727001766187,16,1.0,244,965530
4301,0.3230552484763438,0.025842408107980823,0.017374032682025076,16,1.0,244,967970
4311,0.3227711277655681,0.02581830495864492,0.01735408273414835,16,1.0,244,970410
4321,0.3223409425431191,0.02578552720670879,0.017333363587376364,16,1.0,244,972850
4331,0.32202453407213255,0.025758975221420448,0.017313259608337066,16,1.0,245,975291
4341,0.3216424001311005,0.025728911564334142,0.01729266500291617,16,1.0,245,977741
4351,0.3212477769557848,0.02569747473308866,0.017272327913213648,16,1.0,245,980191
4361,0.3208608171132749,0.025666526765904703,0.01725149392794252,16,1.0,245,982641
4371,0.3204232005476275,0.025630669629105825,0.017230731851726935,16,1.0,245,985091
4381,0.3200469636310141,0.025600704429227274,0.01721038252333048,16,1.0,245,987541
4391,0.3196888359659516,0.02557242985274043,0.017190838956551092,16,1.0,245,989991
4401,0.3193167983216917,0.025542676559171102,0.017170476177204887,16,1.0,245,992441
4411,0.31898689521840257,0.025516172078286027,0.017150600080325297,16,1.0,245,994891
4421,0.3186384780735947,0.025487946933616213,0.01713121205003921,16,1.0,245,997341
4431,0.318222242262307,0.02545478074811839,0.01711074530756591,16,1.0,245,999791
4441,0.3178211424565037,0.025421510120833164,0.017090110577973962,16,1.0,245,1002241
4451,0.317393352526509,0.025389326591484757,0.017070283829586835,16,1.0,245,1004691
4461,0.3170547843574631,0.025360588498375886,0.01705061176181187,16,1.0,245,1007141
4471,0.31668927206667297,0.025332306145035836,0.017031301992196372,16,1.0,245,1009591
4481,0.31635304159626754,0.025306123563739975,0.017012434620136636,16,1.0,245,1012041
4491,0.31596071175573953,0.02527380707957252,0.016992517376580703,16,1.0,245,1014491
4501,0.31559181344831017,0.025245007471193237,0.01697349944543755,16,1.0,245,1016941
4511,0.3152096990553268,0.025214447147656045,0.016953720960349198,16,1.0,245,1019391
4521,0.3149044652194201,0.02518945514526342,0.016935140576324895,16,1.0,245,1021841
4531,0.3145365082342002,0.02516118563683534,0.016915808828769287,16,1.0,245,1024291
4541,0.31415980603802746,0.02512955817417361,0.016896086261003144,16,1.0,245,1026741
4551,0.3138361911739675,0.025104138693676153,0.01687789878545239,16,1.0,245,1029191
4561,0.313476406450658,0.02507490807353114,0.016858977175649766,16,1.0,245,1031641
4571,0.3131093527656635,0.025046581580564255,0.016840373175212055,16,1.0,246,1034096
4581,0.3127748921930521,0.02501869565050619,0.016821919530033008,16,1.0,246,1036556
4591,0.3124118104147053,0.02499090645847844,0.01680372526067888,16,1.0,246,1039016
4601,0.31205145237709986,0.024960844211349694,0.016785081214217047,16,1.0,246,1041476
4611,0.3117092575147033,0.02493168132864655,0.016766301520917702,16,1.0,246,1043936
4621,0.31131080739590417,0.02490206469493227,0.016747577448940277,16,1.0,246,1046396
4631,0.31095160572527847,0.024873450211427162,0.016728581566599277,16,1.0,246,1048856
4641,0.3105895249484065,0.024845827624012832,0.016710227027375537,16,1.0,246,1051316
4651,0.31025230632863315,0.024818189810725037,0.01669168017287785,16,1.0,246,1053776
4661,0.3099341792284224,0.024791199899617988,0.016673230350679042,16,1.0,246,1056236
4671,0.30954688998908253,0.02476166061526607,0.016654448252657304,16,1.0,246,1058696
4681,0.3092817608724956,0.02473990728014456,0.016636250374657727,16,1.0,246,1061156
4691,0.30895715586600137,0.024714275574670846,0.016618262754647433,16,1.0,246,1063616
4701,0.3086254352200039,0.024688290603250635,0.01660037416203414,16,1.0,246,1066076
4711,0.3082676627969642,0.02465891490126389,0.01658185771696245,16,1.0,246,1068536
4721,0.3079084764882866,0.024631054740069682,0.016564020772596815,16,1.0,246,1070996
4731,0.3076031819539861,0.02460642044243024,0.016546023413451093,16,1.0,246,1073456
4741,0.30730958820043114,0.024581862923347658,0.016528567430959987,16,1.0,246,1075916
4751,0.3069471730989386,0.024554059081301503,0.016510844017833128,16,1.0,246,1078376
4761,0.30659676911471356,0.02452347057280755,0.01649239262082559,16,1.0,246,1080836
4771,0.306250271933159,0.024498212713418635,0.016475109896268735,16,1.0,246,1083296
4781,0.3059646672435743,0.02447399052132561,0.016458054643347576,16,1.0,246,1085756
4791,0.30566402266979337,0.02445026596307935,0.016440308897408905,16,1.0,246,1088216
4801,0.3053260740670811,0.02442260761788603,0.016422444583870162,16,1.0,246,1090676
4811,0.30498141007331114,0.024394311715703814,0.01640485047552519,16,1.0,246,1093136
4821,0.30462879852742014,0.024367164214055173,0.016387392230516714,16,1.0,247,1095602
4831,0.3043035354811411,0.02434084077345736,0.01636969355183824,16,1.0,247,1098072
4841,0.30401185410135645,0.024317412584400528,0.016352250151893375,16,1.0,247,1100542
4851,0.3037391942037293,0.024296128091680698,0.016335455747888934,16,1.0,247,1103012
4861,0.3033832915880369,0.02426787348661354,0.016317834124623145,16,1.0,247,1105482
4871,0.30308920127984906,0.024244148706880624,0.016300854234619175,16,1.0,247,1107952
4881,0.3027780245937896,0.024218853492563985,0.016283924597454494,16,1.0,247,1110422
4891,0.3024537677944251,0.02419364050959674,0.01626693559616934,16,1.0,247,1112892
4901,0.3021509989182477,0.02417065147421459,0.01625031575317316,16,1.0,247,1115362
4911,0.30184408845538035,0.02414528961556444,0.016233507894863004,16,1.0,247,1117832
4921,0.30154702191330085,0.024122443597806506,0.01621711202113311,16,1.0,247,1120302
4931,0.30119022874729484,0.024093197943960788,0.016199699310773315,16,1.0,247,1122772
4941,0.3009190894528953,0.024070404622833445,0.01618342802955619,16,1.0,247,1125242
4951,0.3005796660385799,0.02404426532146082,0.01616630064651359,16,1.0,247,1127712
4961,0.30022392976009443,0.024014114471338294,0.01614903600452357,16,1.0,247,1130182
4971,0.2999168521821449,0.023991055342728263,0.016132595685008758,16,1.0,247,1132652
4981,0.2996020573652661,0.02396528320263189,0.016115937980822826,16,1.0,247,1135122
4991,0.2992684835774646,0.02393939930191786,0.01609959873171812,16,1.0,247,1137592
5001,0.2989915952135143,0.023918142757838014,0.01608364650365912,16,1.0,247,1140062
5011,0.2987622858406599,0.023898126621078958,0.01606789464961705,16,1.0,247,1142532
5021,0.2984414369322471,0.023872173850437512,0.016051274888825434,16,1.0,247,1145002
5031,0.2981241077980866,0.023846993565602857,0.016035088605821046,16,1.0,247,1147472
5041,0.2977919824860102,0.023821993523785202,0.01601863645003663,16,1.0,247,1149942
5051,0.2975132562259885,0.0237981441745104,0.016002721020365745,16,1.0,247,1152412
5061,0.2972426141623206,0.023777858035246808,0.015987388901924693,16,1.0,247,1154882
5071,0.29695098908057543,0.023753566464980294,0.015970595289885862,16,1.0,247,1157352
5081,0.29667952977554723,0.023731182468924673,0.015954762911961337,16,1.0,248,1159825
5091,0.2963824180958601,0.023708191824783686,0.015939043466226894,16,1.0,248,1162305
5101,0.2960862334833925,0.023685079064919203,0.015922937054821895,16,1.0,248,1164785
5111,0.2957993261913089,0.02366175011721382,0.01590676007272318,16,1.0,248,1167265
5121,0.2954383423856137,0.023631928825628867,0.01588973263680039,16,1.0,248,1169745
5131,0.29515457427710323,0.023609805621004152,0.015874295109150456,16,1.0,248,1172225
5141,0.2948657456780186,0.023586990716109025,0.015858580547994067,16,1.0,248,1174705
5151,0.2945471664755739,0.023561888859534856,0.015842566970133816,16,1.0,248,1177185
5161,0.29430364887072985,0.023542224376750714,0.015827578628058076,16,1.0,248,1179665
5171,0.2939893017550545,0.023516053382148405,0.015811015080313403,16,1.0,248,1182145
5181,0.29371802520409046,0.02349323978772228,0.015795708886841165,16,1.0,248,1184625
5191,0.29342424640215026,0.023471053622363864,0.015780296212746955,16,1.0,248,1187105
5201,0.2931371849890627,0.02344902555041194,0.015764882793497983,16,1.0,248,1189585
5211,0.2928683534487108,0.023427617146987097,0.015749696858861843,16,1.0,248,1192065
5221,0.2925922139384497,0.023405715977733558,0.015734341423074928,16,1.0,248,1194545
5231,0.292329539963693,0.023383418586078022,0.015718940037098166,16,1.0,248,1197025
5241,0.29203548336559043,0.02336146256913151,0.015704049523873224,16,1.0,248,1199505
5251,0.29175835538768546,0.0233375588635335,0.015688866623922642,16,1.0,248,1201985
5261,0.29148090673742844,0.023316557467497154,0.015673574121639087,16,1.0,248,1204465
5271,0.29116904926897835,0.023290524802760785,0.015658367354134377,16,1.0,248,1206945
5281,0.2908638937333269,0.023266122160931522,0.015642618554553255,16,1.0,248,1209425
5291,0.29057553982003903,0.023243424249468514,0.015627649635146457,16,1.0,248,1211905
5301,0.2902892020894042,0.02322097536656727,0.015612533698106223,16,1.0,248,1214385
5311,0.28999364482801865,0.02319679925852498,0.015597886025153457,16,1.0,248,1216865
5321,0.2897337034938042,0.023176011478072155,0.015582977698563871,16,1.0,248,1219345
5331,0.2894488295738072,0.02315296219232282,0.01556798889958107,16,1.0,248,1221825
5341,0.28915704443407536,0.023129984321626128,0.015552877156333236,16,1.0,248,1224305
5351,0.2888927821019535,0.02310893935675873,0.01553791930295328,16,1.0,248,1226785
5361,0.2886160059477781,0.0230858322772639,0.015522872140925712,16,1.0,249,1229271
5371,0.28833344326633475,0.023063590297489875,0.015507840128494625,16,1.0,249,1231761
5381,0.2880363616821968,0.02304080005210636,0.015492953756890086,16,1.0,249,1234251
5391,0.2877665176276035,0.02301913108850819,0.015478510987191923,16,1.0,249,1236741
5401,0.2875029220312458,0.02299848645881799,0.01546437028072294,16,1.0,249,1239231
5411,0.2872455243247181,0.022977115564185552,0.015449760152913267,16,1.0,249,1241721
5421,0.2869508387080209,0.022955024936746067,0.015435064100264696,16,1.0,249,1244211
5431,0.28666899974103693,0.02293187501464318,0.015420397523799909,16,1.0,249,1246701
5441,0.28638910218677516,0.022908797820435995,0.015405868245673691,16,1.0,249,1249191
5451,0.286148791572034,0.022890181583771655,0.015391501435181053,16,1.0,249,1251681
5461,0.28589622939986287,0.02286963799693984,0.015377074737182804,16,1.0,249,1254171
5471,0.28560583900866326,0.022846327727319798,0.015362537466770892,16,1.0,249,1256661
5481,0.28534196632219544,0.022824626883425715,0.015348128358757438,16,1.0,249,1259151
5491,0.2850692803863826,0.022803330496246044,0.015333737907815555,16,1.0,249,1261641
5501,0.2848175566542401,0.022783962174508614,0.015319563521237053,16,1.0,249,1264131
5511,0.28453585602964715,0.02276134599884391,0.0153051479232192,16,1.0,249,1266621
5521,0.28428243501111483,0.022740401867704603,0.015291236668866667,16,1.0,249,1269111
5531,0.28405706114641266,0.02272279800469171,0.015277518391696696,16,1.0,249,1271601
5541,0.28376301999242504,0.022698944999826887,0.015263227525273235,16,1.0,249,1274091
5551,0.28351801305363983,0.022678931971304325,0.015248865257885949,16,1.0,249,1276581
5561,0.2831923619787024,0.022652972192092332,0.015234685832946276,16,1.0,249,1279071
5571,0.2829405761174062,0.022633002209384433,0.015220662714430861,16,1.0,249,1281561
5581,0.28266980363931027,0.022610850048676443,0.015206756826576802,16,1.0,249,1284051
5591,0.28238124977763973,0.022588600254915096,0.015192754772421845,16,1.0,249,1286541
5601,0.282104936612571,0.02256650099788503,0.015178611752788732,16,1.0,249,1289031
5611,0.28184999424008333,0.022546849901483496,0.015164775699644532,16,1.0,249,1291521
5621,0.2816234126397593,0.022528398644855705,0.015151296996222204,16,1.0,249,1294011
5631,0.28135757258675176,0.02250648253134584,0.015137349736793941,16,1.0,249,1296501
5641,0.28112102158427577,0.022487482580072805,0.015123685083741487,16,1.0,249,1298991
5651,0.28088915282949184,0.022469019964583198,0.015110061268779722,16,1.0,250,1301484
5661,0.28063964692902554,0.02244963239319387,0.01509681645728167,16,1.0,250,1303984
5671,0.28041305529078003,0.022431832170960418,0.01508368243196157,16,1.0,250,1306484
5681,0.28017091111478454,0.02241125511693973,0.01506970600104461,16,1.0,250,1308984
5691,0.2799073141027629,0.02239057617228022,0.015056045438601985,16,1.0,250,1311484
5701,0.27966151980805104,0.02237115851467823,0.015042573037329109,16,1.0,250,1313984
5711,0.2794163979869685,0.02235019523465687,0.015029366944264521,16,1.0,250,1316484
5721,0.2791649710021397,0.02233096625922505,0.015016029580745051,16,1.0,250,1318984
5731,0.27892319112545694,0.022311550429739854,0.015002814371044365,16,1.0,250,1321484
5741,0.2786860275844681,0.022292504203493067,0.014989522373284514,16,1.0,250,1323984
5751,0.27842676258959337,0.02227248115059787,0.014976040804051096,16,1.0,250,1326484
5761,0.27819386952068076,0.022254011687289486,0.0149630404798119,16,1.0,250,1328984
5771,0.2779262031509698,0.02223307443137623,0.014949857606652985,16,1.0,250,1331484
5781,0.277674034945267,0.022211963444740655,0.014936259466379465,16,1.0,250,1333984
5791,0.2774509182955499,0.022193259238189163,0.014923380572217494,16,1.0,250,1336484
5801,0.2772078895269058,0.022174915923012413,0.01491031091839106,16,1.0,250,1338984
5811,0.2769548323159721,0.02215452076177797,0.014897218701696111,16,1.0,250,1341484
5821,0.2766957109736547,0.022133796497250207,0.014883924767349727,16,1.0,250,1343984
5831,0.2764537726786014,0.022114678392795354,0.014871024662891735,16,1.0,250,1346484
5841,0.2762018922573519,0.022094917968257723,0.014858006683684788,16,1.0,250,1348984
5851,0.2759757151058243,0.0220767500614056,0.01484522551975673,16,1.0,250,1351484
5861,0.27573190017807375,0.022056098479833846,0.014832246399015312,16,1.0,250,1353984
5871,0.27547537412899104,0.02203657726757459,0.014819129781947363,16,1.0,250,1356484
5881,0.2752052972166788,0.02201482312766659,0.014805919695534587,16,1.0,250,1358984
5891,0.2749759527670597,0.021996099667641784,0.014793068625132536,16,1.0,250,1361484
5901,0.27476142395979997,0.021979927975196028,0.014780648032331296,16,1.0,250,1363984
5911,0.27453701366534855,0.02196107000264069,0.014767983712046764,16,1.0,250,1366484
5921,0.27434242061553116,0.021945959551088624,0.01475576600817181,16,1.0,250,1368984
5931,0.27412189939354364,0.021926966502604932,0.014743175114449772,16,1.0,250,1371484
5941,0.27388784868695104,0.021909526118579808,0.014730904171946944,16,1.0,250,1373984
5951,0.27367033768104365,0.021892128957091722,0.014718542597930068,16,1.0,250,1376484
5961,0.2734524308370115,0.021874476005813652,0.014706230088692897,16,1.0,251,1378988
5971,0.27320432240688103,0.021854408710558715,0.014693471116795767,16,1.0,251,1381498
5981,0.27295320014776087,0.021834993027470637,0.014680648252127025,16,1.0,251,1384008
5991,0.27269538848127556,0.021814223679440036,0.014668073766446547,16,1.0,251,1386518
6001,0.27246696204701776,0.021794992961052105,0.014655458091445089,16,1.0,251,1389028
6011,0.2722492653858283,0.021777435761839298,0.01464313432939673,16,1.0,251,1391538
6021,0.27200270755469363,0.02175801209172142,0.014630349789602738,16,1.0,251,1394048
6031,0.27175043279390676,0.02173776322582207,0.014617344664804322,16,1.0,251,1396558
6041,0.2715107617438796,0.021719034146428444,0.014604788509992478,16,1.0,251,1399068
6051,0.27132460375526324,0.02170487451076378,0.014592908774129049,16,1.0,251,1401578
6061,0.27108155657912125,0.021684634028101116,0.014580459690642804,16,1.0,251,1404088
6071,0.27085459917595295,0.021666409859333866,0.014567842591021554,16,1.0,251,1406598
6081,0.27060201355665603,0.021646208702438278,0.014555223242801564,16,1.0,251,1409108
6091,0.2703916352322251,0.02162959954772472,0.014543509551867366,16,1.0,251,1411618
6101,0.2701916630503169,0.02161346184524548,0.01453166819350927,16,1.0,251,1414128
6111,0.26996163649145144,0.021595710633727328,0.01451966711022918,16,1.0,251,1416638
6121,0.2697116381377733,0.02157514176846208,0.014507247875854688,16,1.0,251,1419148
6131,0.26949448529445996,0.021558059568246562,0.014495527925711836,16,1.0,251,1421658
6141,0.2692627438317973,0.021539595465115094,0.014483504863653124,16,1.0,251,1424168
6151,0.2690378375225316,0.021520825610512908,0.014471407037852883,16,1.0,251,1426678
6161,0.26882502860309293,0.021504302127358883,0.014459768840394249,16,1.0,251,1429188
6171,0.2686189283624672,0.02148640507752334,0.014447836999332286,16,1.0,251,1431698
6181,0.2684009819556652,0.02146996386388335,0.014435972449625422,16,1.0,251,1434208
6191,0.268165128777404,0.02145018774733659,0.014423978932867414,16,1.0,251,1436718
6201,0.2679115179281281,0.02143081875220267,0.014411900845501755,16,1.0,251,1439228
6211,0.2676787509249106,0.02141241275710742,0.01439992488778671,16,1.0,251,1441738
6221,0.26745271470251203,0.02139384689610492,0.014387896508129409,16,1.0,251,1444248
6231,0.2671838197801438,0.021372412214428177,0.014375640355132925,16,1.0,251,1446758
6241,0.26695561790964456,0.021355063122448257,0.014363618163481005,16,1.0,251,1449268
6251,0.2667703808708418,0.02133934815688546,0.014351774388578653,16,1.0,251,1451778
6261,0.2665415534742359,0.021321185998800854,0.014340022611035999,16,1.0,251,1454288
6271,0.2663400029710151,0.021305961502276552,0.014328844005541708,16,1.0,251,1456798
6281,0.26611318263202155,0.02128836822377938,0.014317161595022955,16,1.0,251,1459308
6291,0.26593061856668043,0.0212728057967193,0.014305635650490062,16,1.0,252,1461826
6301,0.26572367188825585,0.021256390677131327,0.014294474508770093,16,1.0,252,1464346
6311,0.26549252124550715,0.021237902701904822,0.014282719330202432,16,1.0,252,1466866
6321,0.26522972239455006,0.021217155098644906,0.014270836916248333,16,1.0,252,1469386
6331,0.26502447167536114,0.0212008057489493,0.014259451494501864,16,1.0,252,1471906
6341,0.26481971580571595,0.021184090088355898,0.01424798663694554,16,1.0,252,1474426
6351,0.26461376670689185,0.021167010944814015,0.01423659502207121,16,1.0,252,1476946
6361,0.2643990662212116,0.021150781774092763,0.01422543526470103,16,1.0,252,1479466
6371,0.26420504136839007,0.02113492687795701,0.014214108822969779,16,1.0,252,1481986
6381,0.26401146013542265,0.021119510702422687,0.01420288808352314,16,1.0,252,1484506
6391,0.2638032895128706,0.021101992346744945,0.014191266766596268,16,1.0,252,1487026
6401,0.2635773073503841,0.02108445265187301,0.014179909882709256,16,1.0,252,1489546
6411,0.26336854077335997,0.021067888483588385,0.0141688088397141,16,1.0,252,1492066
6421,0.26316443273861795,0.02105162997512373,0.014157275846483719,16,1.0,252,1494586
6431,0.2629790069787434,0.021036931536651995,0.014146179696821212,16,1.0,252,1497106
6441,0.26277831343772245,0.02102107730036674,0.01413489374664059,16,1.0,252,1499626
6451,0.26255999395971014,0.02100308835293897,0.014123670662419853,16,1.0,252,1502146
6461,0.26234962567556436,0.020986788315076357,0.014112406544097646,16,1.0,252,1504666
6471,0.26214878838863004,0.02097013477089554,0.014101266671539095,16,1.0,252,1507186
6481,0.2619190299244829,0.020951367105798487,0.014089778417393235,16,1.0,252,1509706
6491,0.26172817954488153,0.020935973667007685,0.014078659089868056,16,1.0,252,1512226
6501,0.26153857526530006,0.020920940486018263,0.014067686434519177,16,1.0,252,1514746
6511,0.26131696522947556,0.020903476691801204,0.014056656694164055,16,1.0,252,1517266
6521,0.2610991743340029,0.02088644632642926,0.014045556067753512,16,1.0,252,1519786
6531,0.26090130663853217,0.020870555906603517,0.014034815690169277,16,1.0,252,1522306
6541,0.26065885135969774,0.020850970977882542,0.014023529524260987,16,1.0,252,1524826
6551,0.260440359178826,0.02083465115376521,0.014012523728938587,16,1.0,252,1527346
6561,0.26023364013599143,0.020816834901473787,0.014001349027110015,16,1.0,252,1529866
6571,0.26002663394761155,0.020800853622014462,0.013990414260637102,16,1.0,252,1532386
6581,0.25981934442185783,0.020784209944179143,0.013979620312846833,16,1.0,252,1534906
6591,0.259609392508305,0.020767163050000575,0.01396878673319634,16,1.0,252,1537426
6601,0.2594070998216303,0.020750793379740586,0.013957962625385492,16,1.0,252,1539946
6611,0.259208459908622,0.020735348971204194,0.013947539720151246,16,1.0,252,1542466
6621,0.25897954550838626,0.020716219884802826,0.013936404751372788,16,1.0,252,1544986
6631,0.2587952943856524,0.020702365231420848,0.013925912530497245,16,1.0,253,1547509
6641,0.25862322423309997,0.020688665007624632,0.013915642536519869,16,1.0,253,1550039
6651,0.25843271423835895,0.020673051142116042,0.013905143971898265,16,1.0,253,1552569
6661,0.25821764376292067,0.020655037506225386,0.01389431307255195,16,1.0,253,1555099
6671,0.2580381948492177,0.020641372369389628,0.013883874370334405,16,1.0,253,1557629
6681,0.25782336890305496,0.020624625878452048,0.013873198826849516,16,1.0,253,1560159
6691,0.2576385678274226,0.0206095964284645,0.013862609170688427,16,1.0,253,1562689
6701,0.25745804889646545,0.020595158166560077,0.013852383704257655,16,1.0,253,1565219
6711,0.25726479725672957,0.020579763266542907,0.013841874908966418,16,1.0,253,1567749
6721,0.2570381113712444,0.02056101647362152,0.013831099733174713,16,1.0,253,1570279
6731,0.2568673527525276,0.020548097458242584,0.013820919392079394,16,1.0,253,1572809
6741,0.25666474842690123,0.02053201490248179,0.013810490378018854,16,1.0,253,1575339
6751,0.2564580543139207,0.020515176530164467,0.013800289708980208,16,1.0,253,1577869
6761,0.2562732358106096,0.020500150293049968,0.013790142771571746,16,1.0,253,1580399
6771,0.2560758938277099,0.02048521921565877,0.013779951837612502,16,1.0,253,1582929
6781,0.25586536075923083,0.020467043095660543,0.013769146503335872,16,1.0,253,1585459
6791,0.25567353995166636,0.020452368774018164,0.013758796415206153,16,1.0,253,1587989
6801,0.2554935008716424,0.02043778766385815,0.013748744014680393,16,1.0,253,1590519
6811,0.25530782514419625,0.020423359541890427,0.01373838838412317,16,1.0,253,1593049
6821,0.25515341654667273,0.020410287019528846,0.01372820800498315,16,1.0,253,1595579
6831,0.25497151351999453,0.020396519864514226,0.013718241297810142,16,1.0,253,1598109
6841,0.25479226201134536,0.020381762923895923,0.013708212295497455,16,1.0,253,1600639
6851,0.2545655742748463,0.020364170197530538,0.013697584586563345,16,1.0,253,1603169
6861,0.25436261406275834,0.020347280375384746,0.01368722589842785,16,1.0,253,1605699
6871,0.2541638749473689,0.02033132599771819,0.013676958087806885,16,1.0,253,1608229
6881,0.25397155272405403,0.02031635966864733,0.013666804902058243,16,1.0,253,1610759
6891,0.2537856034975766,0.020300895005581607,0.013656456223750819,16,1.0,253,1613289
6901,0.2535897428184514,0.020285289889231107,0.01364625862623492,16,1.0,253,1615819
6911,0.25339950816987566,0.020269957734071746,0.013636024087543396,16,1.0,253,1618349
6921,0.25319135109398655,0.02025425035672113,0.013625844209335904,16,1.0,253,1620879
6931,0.25301377354735255,0.020238346430779104,0.013615759989294188,16,1.0,253,1623409
6941,0.2528087959902634,0.020223533964249432,0.013605716515594566,16,1.0,253,1625939
6951,0.2526101702027672,0.020207063419559173,0.013595573328960471,16,1.0,253,1628469
6961,0.25240766521271163,0.02019115833141642,0.013585540747005928,16,1.0,253,1630999
6971,0.25223397346604237,0.02017738224182719,0.013575769721875332,16,1.0,253,1633529
6981,0.2520468914811059,0.020162360840410815,0.013565963355396152,16,1.0,253,1636059
6991,0.2518681908571231,0.02014847249261188,0.01355606575442923,16,1.0,253,1638589
7001,0.25168844274996344,0.02013386412509659,0.013546202470205987,16,1.0,254,1641128
7011,0.25150693584889927,0.020118885947235512,0.01353627027560806,16,1.0,254,1643668
7021,0.2512949754623446,0.020102450034431733,0.01352641173146536,16,1.0,254,1646208
7031,0.2510943073505659,0.02008611318839196,0.013516284924950911,16,1.0,254,1648748
7041,0.25094341945407345,0.020074330556493623,0.013506514231054556,16,1.0,254,1651288
7051,0.25077570145727035,0.020060801447462428,0.013496921500976701,16,1.0,254,1653828
7061,0.25061046709974794,0.020047130030254965,0.013487340373249298,16,1.0,254,1656368
7071,0.25041433686405556,0.020031557306911814,0.013477509866176324,16,1.0,254,1658908
7081,0.25023284636360865,0.02001738149315374,0.013467947555848592,16,1.0,254,1661448
7091,0.25006589780954025,0.020003858634269185,0.01345812041358674,16,1.0,254,1663988
7101,0.2498809630077845,0.019988954326561673,0.013448337548233387,16,1.0,254,1666528
7111,0.24969997139480463,0.019974590961992136,0.013438625262088878,16,1.0,254,1669068
7121,0.24950254511346892,0.019959024830772876,0.013428922684414249,16,1.0,254,1671608
7131,0.24931540547353062,0.019944000419779038,0.013419314083742043,16,1.0,254,1674148
7141,0.24913708479028562,0.019929122964883604,0.013409862158118842,16,1.0,254,1676688
7151,0.24895985835759704,0.019914725977023377,0.013400377698870753,16,1.0,254,1679228
7161,0.2487649456413651,0.019900250158262904,0.013390663745276548,16,1.0,254,1681768
7171,0.24860450052023295,0.019886528490485472,0.013381137921701864,16,1.0,254,1684308
7181,0.2484277600972164,0.01987272554763174,0.013371645722573836,16,1.0,254,1686848
7191,0.24825279267453182,0.01985928397990795,0.013362016409354981,16,1.0,254,1689388
7201,0.24807338417345803,0.019844492373066947,0.013352232760038546,16,1.0,254,1691928
7211,0.2478854398681116,0.019829350087837365,0.01334276329430837,16,1.0,254,1694468
7221,0.24771303261485483,0.019815999767285725,0.013333599536920288,16,1.0,254,1697008
7231,0.2475444222117139,0.01980278698093935,0.013324215935473761,16,1.0,254,1699548
7241,0.24738846841002388,0.019789765603501815,0.013314867520506472,16,1.0,254,1702088
7251,0.2472205457291224,0.01977638910487492,0.013305604263074049,16,1.0,254,1704628
7261,0.24707475547979169,0.019764510434415735,0.013296521733018103,16,1.0,254,1707168
7271,0.24689866660458143,0.019750372272763758,0.013287189212979967,16,1.0,254,1709708
7281,0.2467243238782009,0.019736103026685017,0.013277839162398887,16,1.0,254,1712248
7291,0.24654225135203692,0.019721919964116943,0.013268272325936,16,1.0,254,1714788
7301,0.24636936653393737,0.019708631943017745,0.01325901392308262,16,1.0,254,1717328
7311,0.2462056103919317,0.019695048740749243,0.013249593939824233,16,1.0,254,1719868
7321,0.24603950614846254,0.019682246938104546,0.013240702918459038,16,1.0,254,1722408
7331,0.24587777329758875,0.019668988443333715,0.013231688307664014,16,1.0,254,1724948
7341,0.2456936278596659,0.019654045704738887,0.013222237770758725,16,1.0,254,1727488
7351,0.2455292654178386,0.019641059873181925,0.013212960565465316,16,1.0,254,1730028
7361,0.24537124019176618,0.019628526981621847,0.013203983583340809,16,1.0,254,1732568
7371,0.24521220227248008,0.01961591265880021,0.013194929999067163,16,1.0,254,1735108
7381,0.24505215864139607,0.019602792959131064,0.013186129530452001,16,1.0,255,1737653
7391,0.24486927180014528,0.019588376974264438,0.013176897756000684,16,1.0,255,1740203
7401,0.2446874703859366,0.019573571478580434,0.01316777429511643,16,1.0,255,1742753
7411,0.24452651497249836,0.019560908797840695,0.013158941420911494,16,1.0,255,1745303
7421,0.24437049289429438,0.019548429442879305,0.013150158499725142,16,1.0,255,1747853
7431,0.24421871919004015,0.01953571240144231,0.013141500418196705,16,1.0,255,1750403
7441,0.24402728680691155,0.019520925875759633,0.013132302122013694,16,1.0,255,1752953
7451,0.24383436217025992,0.019505338273319173,0.013122950553151474,16,1.0,255,1755503
7461,0.24367971265067262,0.019493177660055358,0.01311422141522307,16,1.0,255,1758053
7471,0.2435351282466419,0.01948130086793159,0.013105313855143982,16,1.0,255,1760603
7481,0.24336873202650836,0.019467992384659676,0.013096396219857063,16,1.0,255,1763153
7491,0.24319880255464668,0.019455385922193005,0.013087373890301766,16,1.0,255,1765703
7501,0.2430466993347413,0.019442856610314314,0.013078655189875731,16,1.0,255,1768253
7511,0.24288327688793582,0.019429320152084928,0.013069856202962889,16,1.0,255,1770803
7521,0.24270989481921093,0.019415761549803397,0.013060906576343779,16,1.0,255,1773353
7531,0.24255874274080647,0.019403619985666108,0.013052235119130255,16,1.0,255,1775903
7541,0.2423873640495036,0.019389450528839475,0.013043447195812609,16,1.0,255,1778453
7551,0.24222276026346062,0.019376899572379012,0.01303458904984354,16,1.0,255,1781003
7561,0.24206488942234264,0.019363863208193895,0.013025853711156013,16,1.0,255,1783553
7571,0.2419035159312126,0.01935131284123115,0.013017006598888886,16,1.0,255,1786103
7581,0.24172213285183292,0.01933655022767379,0.013007941294896054,16,1.0,255,1788653
7591,0.24157669692609313,0.019324207187741055,0.012999274114999008,16,1.0,255,1791203
7601,0.24140557235783022,0.01931097718313537,0.012990488248184046,16,1.0,255,1793753
7611,0.241270208562238,0.019300757240913374,0.01298217642068233,16,1.0,255,1796303
7621,0.2411249877437484,0.019289040274329906,0.012973637679423842,16,1.0,255,1798853
7631,0.24097689118217683,0.019276741163505116,0.012964943559074248,16,1.0,255,1801403
7641,0.24080331824204212,0.019263159959402074,0.012956304413519871,16,1.0,255,1803953
7651,0.24063514901863275,0.019249909375555836,0.012947592339101316,16,1.0,255,1806503
7661,0.24048548580376858,0.019237587793872336,0.012939140924902306,16,1.0,255,1809053
7671,0.2403267473021005,0.01922514096662605,0.012930862835273964,16,1.0,255,1811603
7681,0.24016522008104235,0.01921271922370858,0.012922441621882889,16,1.0,255,1814153
7691,0.24002641547302617,0.019200819860670553,0.012913869637195919,16,1.0,255,1816703
7701,0.23987296392958837,0.019188397393308226,0.012905591403937329,16,1.0,255,1819253
7711,0.239713624144517,0.019175504581967776,0.01289680032688247,16,1.0,255,1821803
7721,0.2395373098389514,0.01916174903690304,0.01288824572270361,16,1.0,255,1824353
7731,0.23936879802445815,0.019148320117929298,0.012879532609100226,16,1.0,255,1826903
7741,0.23922588409183465,0.019136987657537335,0.012871196123265065,16,1.0,255,1829453
7751,0.23907463636699852,0.019124349577436434,0.012862938864746466,16,1.0,255,1832003
7761,0.2389169436500195,0.019112374835554332,0.012854606742645427,16,1.0,255,1834553
7771,0.23875957490081495,0.019098759941636945,0.012846048912027576,16,1.0,255,1837103
7781,0.23860436036469398,0.019087128027988374,0.012837696767614402,16,1.0,255,1839653
7791,0.2384439772727906,0.01907454356739398,0.012829179519964937,16,1.0,256,1842213
7801,0.23829548107335619,0.019062617131126915,0.012820896262441872,16,1.0,256,1844773
7811,0.23814848658756668,0.019050277103105844,0.012812468451102952,16,1.0,256,1847333
7821,0.23799269009850002,0.01903805882868647,0.012804045861036246,16,1.0,256,1849893
7831,0.23783116769368384,0.019024946571098638,0.01279565637768431,16,1.0,256,1852453
7841,0.23767481115008143,0.01901321300559259,0.012787276727306354,16,1.0,256,1855013
7851,0.23753502619158906,0.019002031623887177,0.012779076286471569,16,1.0,256,1857573
7861,0.23737747346235608,0.0189878434924707,0.012770627540994438,16,1.0,256,1860133
7871,0.23722324369010206,0.018977331951086737,0.012762534482683812,16,1.0,256,1862693
7881,0.23709266313460303,0.018965833270635446,0.0127543162457255,16,1.0,256,1865253
7891,0.2369419957930313,0.018954308517063864,0.012746275019159384,16,1.0,256,1867813
7901,0.236796395721187,0.01894261484089286,0.012738246263483823,16,1.0,256,1870373
7911,0.2366344158961311,0.018930039458899796,0.01272988215895853,16,1.0,256,1872933
7921,0.2364804985045925,0.01891725265056252,0.012721400344322257,16,1.0,256,1875493
7931,0.23632452308029467,0.01890458751219448,0.012713063694365704,16,1.0,256,1878053
7941,0.23615645311927833,0.01889166506848563,0.012704877991271329,16,1.0,256,1880613
7951,0.23601648253719984,0.018880138623132366,0.012696732981234584,16,1.0,256,1883173
7961,0.235872058849339,0.01886868118838975,0.012688712354584065,16,1.0,256,1885733
7971,0.23573202514858912,0.01885790367555646,0.01268094008332734,16,1.0,256,1888293
