timestamp,model,propertyIndex,consts,epsilon,confidence,explorer,seed,valueGapEvery,episodes,totalSamples,totalTransitions,nMin,deltaT,runtimeMs,trueFound,trueValue,robustFound,robustValue,robustTrueValue,robustValueGap,pointFound,pointValue,pointTrueValue,pointValueGap
2026-07-24T01:34:32.85600542,SAFE_RISKY,4,-,0.4,0.05,rmdp,1,0,13366,1356984,4070952,137782,0.09999865143751266,32795.3,true,1.0,true,0.989717674294,NaN,NaN,true,1.0,NaN,NaN
2026-07-24T01:35:05.249500044,SAFE_RISKY,4,-,0.4,0.05,rmdp,2,0,10811,1357211,4071633,137782,0.09999794518858339,31459.1,true,1.0,true,0.989727160882,NaN,NaN,true,1.0,NaN,NaN
2026-07-24T01:35:36.765209093,SAFE_RISKY,4,-,0.4,0.05,rmdp,3,0,13309,1355818,4067454,137782,0.09999723895522289,31487.4,true,1.0,true,0.989716052602,NaN,NaN,true,1.0,NaN,NaN
2026-07-24T01:36:08.223868992,SAFE_RISKY,4,-,0.4,0.05,rmdp,4,0,13281,1358752,4076256,137782,0.09999794518858339,31423.7,true,1.0,true,0.989734979589,NaN,NaN,true,1.0,NaN,NaN
2026-07-24T01:36:39.532832226,SAFE_RISKY,4,-,0.4,0.05,rmdp,5,0,11572,1356440,4069320,137782,0.09999794518858339,31278.2,true,1.0,true,0.989721099992,NaN,NaN,true,1.0,NaN,NaN
2026-07-24T01:37:10.402458445,SAFE_RISKY,4,-,0.4,0.05,rmdp,6,0,13340,1356361,4069083,137782,0.09999723895522289,30841.8,true,1.0,true,0.989717446735,NaN,NaN,true,1.0,NaN,NaN
2026-07-24T01:37:41.048407742,SAFE_RISKY,4,-,0.4,0.05,rmdp,7,0,11685,1357135,4071405,137782,0.09999441417745711,30620.7,true,1.0,true,0.98972327297,NaN,NaN,true,1.0,NaN,NaN
2026-07-24T01:38:12.073015893,SAFE_RISKY,4,-,0.4,0.05,rmdp,8,0,12980,1354755,4064265,137782,0.09999370802193182,30994.2,true,1.0,true,0.989709522226,NaN,NaN,true,1.0,NaN,NaN
2026-07-24T01:38:43.425373681,SAFE_RISKY,4,-,0.4,0.05,rmdp,9,0,13190,1356509,4069527,137782,0.09999723895522289,31316.8,true,1.0,true,0.989727628825,NaN,NaN,true,1.0,NaN,NaN
2026-07-24T01:39:14.659413858,SAFE_RISKY,4,-,0.4,0.05,rmdp,10,0,10752,1357247,4071741,137782,0.09999935770201127,31201.5,true,1.0,true,0.989721419636,NaN,NaN,true,1.0,NaN,NaN
2026-07-24T01:40:16.267369851,SAFE_RISKY,4,-,0.3,0.05,rmdp,1,0,23235,2502102,7506306,253738,0.07499740290787896,60119.2,true,1.0,true,0.9923036471610001,NaN,NaN,true,1.0,NaN,NaN
2026-07-24T01:41:13.503091104,SAFE_RISKY,4,-,0.3,0.05,rmdp,2,0,21099,2498166,7494498,253738,0.07499913033396363,56443.9,true,1.0,true,0.9922980319829999,NaN,NaN,true,1.0,NaN,NaN
2026-07-24T01:42:09.962375779,SAFE_RISKY,4,-,0.3,0.05,rmdp,3,0,23466,2497352,7492056,253738,0.07499970617021902,56438.3,true,1.0,true,0.992294275651,NaN,NaN,true,1.0,NaN,NaN
2026-07-24T01:43:07.141788759,SAFE_RISKY,4,-,0.3,0.05,rmdp,4,0,20280,2500806,7502418,253738,0.07499941825036872,57148.2,true,1.0,true,0.992299424669,NaN,NaN,true,1.0,NaN,NaN
2026-07-24T01:44:06.325623013,SAFE_RISKY,4,-,0.3,0.05,rmdp,5,0,20427,2497940,7493820,253738,0.07499711501558849,59161.4,true,1.0,true,0.992297461364,NaN,NaN,true,1.0,NaN,NaN
2026-07-24T01:45:04.649011911,SAFE_RISKY,4,-,0.3,0.05,rmdp,6,0,23309,2498217,7494651,253738,0.07499769080361414,58290.3,true,1.0,true,0.99229505289,NaN,NaN,true,1.0,NaN,NaN
2026-07-24T01:46:01.903397294,SAFE_RISKY,4,-,0.3,0.05,rmdp,7,0,20462,2497733,7493199,253738,0.07499682712674272,57221.6,true,1.0,true,0.992298168101,NaN,NaN,true,1.0,NaN,NaN
2026-07-24T01:46:59.492162775,SAFE_RISKY,4,-,0.3,0.05,rmdp,8,0,23333,2495641,7486923,253738,0.07499711501558849,57564.7,true,1.0,true,0.992291512741,NaN,NaN,true,1.0,NaN,NaN
2026-07-24T01:47:57.143767485,SAFE_RISKY,4,-,0.3,0.05,rmdp,9,0,23360,2498946,7496838,253738,0.07499970617021902,57624.0,true,1.0,true,0.992298975967,NaN,NaN,true,1.0,NaN,NaN
2026-07-24T01:48:54.793656031,SAFE_RISKY,4,-,0.3,0.05,rmdp,10,0,20225,2498627,7495881,253738,0.07499913033396363,57605.9,true,1.0,true,0.9923007268890001,NaN,NaN,true,1.0,NaN,NaN
2026-07-24T01:51:13.50639259,SAFE_RISKY,4,-,0.2,0.05,rmdp,1,0,41816,5895148,17685444,598726,0.049998997783204754,136820.6,true,1.0,true,0.994871741526,NaN,NaN,true,1.0,NaN,NaN
2026-07-24T01:53:29.759907544,SAFE_RISKY,4,-,0.2,0.05,rmdp,2,0,45213,5895359,17686077,598726,0.04999940502328198,135529.5,true,1.0,true,0.994871285069,NaN,NaN,true,1.0,NaN,NaN
2026-07-24T01:55:43.970633812,SAFE_RISKY,4,-,0.2,0.05,rmdp,3,0,50683,5895787,17687361,598726,0.049999567922202615,134167.0,true,1.0,true,0.994870258605,NaN,NaN,true,1.0,NaN,NaN
2026-07-24T01:57:59.598258509,SAFE_RISKY,4,-,0.2,0.05,rmdp,4,0,50834,5898850,17696550,598726,0.049999160677997194,135588.8,true,1.0,true,0.994875296262,NaN,NaN,true,1.0,NaN,NaN
2026-07-24T02:00:15.693633511,SAFE_RISKY,4,-,0.2,0.05,rmdp,5,0,50073,5894991,17684973,598726,0.049999649372282184,136063.2,true,1.0,true,0.994871652212,NaN,NaN,true,1.0,NaN,NaN
2026-07-24T02:02:31.425165194,SAFE_RISKY,4,-,0.2,0.05,rmdp,6,0,44586,5893517,17680551,598726,0.04999981227367982,135674.5,true,1.0,true,0.9948720528599999,NaN,NaN,true,1.0,NaN,NaN
2026-07-24T02:04:46.957314418,SAFE_RISKY,4,-,0.2,0.05,rmdp,7,0,50845,5898424,17695272,598726,0.04999940502328198,135480.0,true,1.0,true,0.994874693568,NaN,NaN,true,1.0,NaN,NaN
2026-07-24T02:07:02.28026506,SAFE_RISKY,4,-,0.2,0.05,rmdp,8,0,50054,5895306,17685918,598726,0.049999893724997906,135284.9,true,1.0,true,0.9948723543069999,NaN,NaN,true,1.0,NaN,NaN
2026-07-24T02:09:19.148586364,SAFE_RISKY,4,-,0.2,0.05,rmdp,9,0,44662,5891269,17673807,598726,0.04999924212601263,136838.1,true,1.0,true,0.9948693258729999,NaN,NaN,true,1.0,NaN,NaN
2026-07-24T02:11:32.791452318,SAFE_RISKY,4,-,0.2,0.05,rmdp,10,0,44714,5896327,17688981,598726,0.049999893724997906,133601.4,true,1.0,true,0.994873864811,NaN,NaN,true,1.0,NaN,NaN
2026-07-24T02:15:52.135231627,SAFE_RISKY,4,-,0.15,0.05,rmdp,1,0,73338,10832380,32497140,1099407,0.03749975280597011,257140.6,true,1.0,true,0.9961585106720001,NaN,NaN,true,1.0,NaN,NaN
2026-07-24T02:20:10.425000313,SAFE_RISKY,4,-,0.15,0.05,rmdp,2,0,91267,10829241,32487723,1099407,0.0374998526930541,257136.6,true,1.0,true,0.9961580619699999,NaN,NaN,true,1.0,NaN,NaN
2026-07-24T02:24:29.516337624,SAFE_RISKY,4,-,0.15,0.05,rmdp,3,0,79093,10830037,32490111,1099407,0.037499652919712995,259035.6,true,1.0,true,0.996158059293,NaN,NaN,true,1.0,NaN,NaN
2026-07-24T02:28:49.026112898,SAFE_RISKY,4,-,0.15,0.05,rmdp,4,0,90652,10831490,32494470,1099407,0.037499819397267556,259471.3,true,1.0,true,0.996158079707,NaN,NaN,true,1.0,NaN,NaN
2026-07-24T02:33:08.340610091,SAFE_RISKY,4,-,0.15,0.05,rmdp,5,0,87929,10829284,32487852,1099407,0.0374999192849028,259261.1,true,1.0,true,0.996158858882,NaN,NaN,true,1.0,NaN,NaN
2026-07-24T02:37:27.77173984,SAFE_RISKY,4,-,0.15,0.05,rmdp,6,0,78332,10829918,32489754,1099407,0.03749998587711901,259380.7,true,1.0,true,0.996159115043,NaN,NaN,true,1.0,NaN,NaN
2026-07-24T02:41:41.450013883,SAFE_RISKY,4,-,0.15,0.05,rmdp,7,0,81671,10827531,32482593,1099407,0.0374998526930541,253619.9,true,1.0,true,0.996156935651,NaN,NaN,true,1.0,NaN,NaN
2026-07-24T02:45:59.444474376,SAFE_RISKY,4,-,0.15,0.05,rmdp,8,0,87777,10830346,32491038,1099407,0.0374998526930541,257964.5,true,1.0,true,0.996158469189,NaN,NaN,true,1.0,NaN,NaN
2026-07-24T02:50:18.713073825,SAFE_RISKY,4,-,0.15,0.05,rmdp,9,0,89180,10830142,32490426,1099407,0.0374998526930541,259229.7,true,1.0,true,0.996158301566,NaN,NaN,true,1.0,NaN,NaN
2026-07-24T02:54:27.982912688,SAFE_RISKY,4,-,0.15,0.05,rmdp,10,0,73273,10826272,32478816,1099407,0.0374999192849028,249209.6,true,1.0,true,0.996157501282,NaN,NaN,true,1.0,NaN,NaN
2026-07-24T03:04:40.943002005,SAFE_RISKY,4,-,0.1,0.05,rmdp,1,0,161560,25447692,76343076,2584440,0.024999960484260147,610663.2,true,1.0,true,0.9974411825260001,NaN,NaN,true,1.0,NaN,NaN
2026-07-24T03:14:54.150081763,SAFE_RISKY,4,-,0.1,0.05,rmdp,2,0,179180,25458814,76376442,2584440,0.024999865956080003,611995.3,true,1.0,true,0.997442046159,NaN,NaN,true,1.0,NaN,NaN
2026-07-24T03:25:03.775634905,SAFE_RISKY,4,-,0.1,0.05,rmdp,3,0,172988,25462698,76388094,2584440,0.02499993212568965,609569.5,true,1.0,true,0.9974425108039999,NaN,NaN,true,1.0,NaN,NaN
2026-07-24T03:35:03.861002756,SAFE_RISKY,4,-,0.1,0.05,rmdp,4,0,161923,25459880,76379640,2584440,0.02499993212568965,600026.6,true,1.0,true,0.997442021282,NaN,NaN,true,1.0,NaN,NaN
2026-07-24T03:44:54.222391986,SAFE_RISKY,4,-,0.1,0.05,rmdp,5,0,175255,25461715,76385145,2584440,0.02499996993713916,590315.1,true,1.0,true,0.9974422935589999,NaN,NaN,true,1.0,NaN,NaN
2026-07-24T03:54:40.701056941,SAFE_RISKY,4,-,0.1,0.05,rmdp,6,0,174397,25468880,76406640,2584440,0.024999922672854998,586421.1,true,1.0,true,0.997442444563,NaN,NaN,true,1.0,NaN,NaN
2026-07-24T04:04:46.862391535,SAFE_RISKY,4,-,0.1,0.05,rmdp,7,0,175345,25474353,76423059,2584440,0.02499994157853539,606121.1,true,1.0,true,0.997442635486,NaN,NaN,true,1.0,NaN,NaN
2026-07-24T04:14:48.065491636,SAFE_RISKY,4,-,0.1,0.05,rmdp,8,0,175173,25451469,76354407,2584440,0.02499995103139222,601166.3,true,1.0,true,0.997441799254,NaN,NaN,true,1.0,NaN,NaN
2026-07-24T04:24:45.943332976,SAFE_RISKY,4,-,0.1,0.05,rmdp,9,0,172700,25455840,76367520,2584440,0.024999922672854998,597841.5,true,1.0,true,0.997441641292,NaN,NaN,true,1.0,NaN,NaN
2026-07-24T04:34:44.199843401,SAFE_RISKY,4,-,0.1,0.05,rmdp,10,0,162027,25461670,76385010,2584440,0.02499995103139222,598228.6,true,1.0,true,0.997441918252,NaN,NaN,true,1.0,NaN,NaN
2026-07-24T08:38:09.702884801,SAFE_RISKY,4,-,0.1,0.05,rmdp,10,0,162027,25461670,76385010,2584440,0.02499995103139222,588087.9,true,1.0,true,0.997441918252,NaN,NaN,true,1.0,NaN,NaN
